nombre,provincia,distrito,lat,lon,fuente,funerario
Qaqata,puno,plateria,-15.87775601,-69.82147762,INC,False
Calvario Chullpa,puno,plateria,-15.88033341,-69.816416353,INC,True
Jampat Qalani,puno,plateria,-15.873013664,-69.815770441,INC,False
Jach'a Amaya Chullpa,puno,plateria,-15.874366151,-69.816691194,INC,True
Gentil Amaya,puno,plateria,-15.892229942,-69.830587462,INC,True
Holguín,puno,plateria,-15.891092275,-69.832591034,INC,False
Visuta,puno,plateria,-15.888144412,-69.832831109,INC,False
Cruz Amaya,puno,plateria,-15.886933233,-69.830444313,INC,True
Calvario,puno,plateria,-15.888589568,-69.827546198,INC,False
Calvario 1,puno,plateria,-15.887413067,-69.827896329,INC,False
Chontapatja,puno,plateria,-15.885934903,-69.826760097,INC,False
Pucara Patja,puno,plateria,-15.889769175,-69.826383444,INC,False
Pucara Patja 1,puno,plateria,-15.890808582,-69.826425048,INC,False
Compapata Chullpa,puno,acora,-15.961349271,-69.630048652,INC,True
Auquipata Chullpa,puno,acora,-15.959657327,-69.627455026,INC,True
Isañata,puno,capachica,-15.624663095,-69.805759316,INC,False
Orhajuyo,moho,conima,-15.451719152,-69.473259066,INC,False
Qollpa Uta,moho,conima,-15.452032223,-69.474825751,INC,False
Turucunca,moho,conima,-15.453322523,-69.475993855,INC,False
Pallipampa,moho,conima,-15.455208429,-69.477657371,INC,False
Isla Esteves,puno,puno,-15.827932831,-69.993460902,INC,False
Tramo camino Prehispánico San Antón-Azangaro,azangaro,san antón,-14.591192283,-70.327147867,INC,False
Pucara Laccayparque,azangaro,san antón,-14.605039304,-70.336884853,INC,False
Andenerias Huacoto,azangaro,san antón,-14.619384381,-70.349503931,INC,False
Colina Sorire,azangaro,asillo,-14.632974109,-70.364394526,INC,False
Cueva Picotani Punku,azangaro,san antón,-14.531725901,-70.272626759,INC,False
Cerro Abrigo Picotani,azangaro,san antón,-14.532081831,-70.270336687,INC,False
Abrigo Tirapunku Pata,azangaro,san antón,-14.526534406,-70.276457351,INC,False
Asiruni Chupa,azangaro,san antón,-14.543300528,-70.278548857,INC,False
La quinta cerca antiguo pueblo San Anton,azangaro,san antón,-14.596044764,-70.316270241,INC,False
Cerro Pucara de San Anton,azangaro,san antón,-14.575554967,-70.319007196,INC,False
Sitio (Machosillota) o Sillocota,azangaro,asillo,-14.668323644,-70.306719404,INC,False
Monticulo Huacani Rosaspata Machupiskani,azangaro,asillo,-14.625331582,-70.3651364,INC,False
Pucara Puka Orqo Ayawasipata,azangaro,asillo,-14.602596575,-70.349809914,INC,False
Pucara Inanpu,azangaro,asillo,-14.60722372,-70.363966355,INC,False
Ch'acco Kunca,azangaro,asillo,-14.776835298,-70.286899963,INC,False
Camino Naupapampa  Altagracia,azangaro,asillo,-14.762408643,-70.299773806,INC,False
Pucara Trinchera,azangaro,san josé,-14.751531956,-70.272566791,INC,False
Enterramientos Pucara Kunca,azangaro,san josé,-14.744661372,-70.275954408,INC,False
Ch'aco Wasi San Miguel,azangaro,san josé,-14.731763618,-70.282213846,INC,False
Cerro Pararani,azangaro,asillo,-14.741573669,-70.306049898,INC,False
Paraparani Pampa,azangaro,san josé,-14.737371596,-70.240104887,INC,False
Cerro Siwata,azangaro,asillo,-14.750947772,-70.325064377,INC,False
Condor Cuyo,azangaro,san josé,-14.780523308,-70.240693202,INC,False
Andenerias Condorcuyo Q'ocha,azangaro,san josé,-14.778165775,-70.23699158,INC,False
Muyu Pucara,azangaro,azangaro,-14.806731971,-70.219806199,INC,False
Pucara Cayarani,azangaro,azangaro,-14.831847151,-70.207197316,INC,False
Petroglifo de Alto Huancarani,azangaro,san josé,-14.788740633,-70.228801292,INC,False
Alto Huancarani,azangaro,san josé,-14.797110157,-70.225615099,INC,False
Cruzchaqui,puno,capachica,-15.649539959,-69.788652743,INC,False
Cruzpata,puno,capachica,-15.646999763,-69.788643009,INC,False
Cruzpata Huacachupa,puno,capachica,-15.647319722,-69.790164956,INC,False
Aylli Pucara - Marani - Ispalla,moho,conima,-15.54911538,-69.496878816,INC,False
Punta Chupa,moho,conima,-15.536279946,-69.507879546,INC,False
Mulsina Cancha,puno,amantaní,-15.757722764,-69.6894584,INC,False
Wichay Ccari,puno,amantaní,-15.761031417,-69.689460232,INC,False
Mulsina Pata,puno,amantaní,-15.759022685,-69.690041548,INC,False
Ccoano Pata,puno,amantaní,-15.790392861,-69.681044749,INC,False
Uray Q'ari,puno,amantaní,-15.77023118,-69.684683584,INC,False
Contiti,yunguyo,anapia,-16.332518101,-68.851843785,INC,False
Hacienda San Isidro,yunguyo,anapia,-16.325326402,-68.845136788,INC,False
Aracca,yunguyo,anapia,-16.320318166,-68.857975432,INC,False
Cerro Huanacaure,yunguyo,anapia,-16.308087238,-68.858508466,INC,False
Yanaricune,yunguyo,anapia,-16.287063941,-68.87967713,INC,False
Cerro Yanaricune,yunguyo,anapia,-16.287877745,-68.880013595,INC,False
Luquicachi,yunguyo,unicachi,-16.23527418,-68.951228408,INC,False
Cerro Asanquita,yunguyo,unicachi,-16.234333032,-68.947195552,INC,False
Queñaylaso,yunguyo,unicachi,-16.241564223,-68.943413051,INC,False
Queusa,yunguyo,unicachi,-16.243959791,-68.943094195,INC,False
Incatiana,puno,amantaní,-15.668642386,-69.725623108,INC,False
Punta Jaichjatahuenjalla,yunguyo,anapia,-16.293710821,-68.868478148,INC,False
Camino Orurillo - Vizcachani  Nuñoa,melgar,orurillo,-14.687397324,-70.507890114,INC,False
Tramo de Camino Orurillo - Ayaviri,melgar,orurillo,-14.720532162,-70.527369262,INC,False
Muro Inca Plaza de Orurillo,melgar,orurillo,-14.72718921,-70.511516029,INC,False
Llamaque (Pukara ),melgar,orurillo,-14.73048823,-70.519813752,INC,False
Cajanturani,melgar,orurillo,-14.734208985,-70.52441825,INC,False
Cueva Qaqa Punku,melgar,orurillo,-14.737153636,-70.52882245,INC,False
Sector Trapiche  Mont¡culo,melgar,orurillo,-14.736558787,-70.529932801,INC,False
Cista Funeraria Carmen Alto,melgar,orurillo,-14.691468672,-70.507286607,INC,False
Pucara Inca Cancha,melgar,orurillo,-14.699021004,-70.484086159,INC,False
Pucara Ayacunca,melgar,orurillo,-14.705207092,-70.465053729,INC,False
Chullpas de Ayacunca,melgar,orurillo,-14.699021004,-70.484086159,INC,True
Pucara Onocora,melgar,orurillo,-14.702804176,-70.461963932,INC,False
Camino Balsapata - Orurillo,melgar,orurillo,-14.70742782,-70.491014909,INC,False
Interuyoc Chupa Carman Alto,melgar,orurillo,-14.709950438,-70.492295004,INC,False
Montículo Huanacumarca,melgar,orurillo,-14.704224286,-70.505591145,INC,False
Huaricunca,melgar,nuñoa,-14.483713829,-70.639328212,INC,False
Orqorara,melgar,nuñoa,-14.488943668,-70.630720776,INC,False
Pucara Pitiquiña,melgar,nuñoa,-14.486260871,-70.657621654,INC,False
Maukallaqta Nuñoa,melgar,nuñoa,-14.445291465,-70.541602761,INC,False
Hatun  Pucara Qajsile,melgar,nuñoa,-14.434684043,-70.565671882,INC,False
Huancasaya,melgar,nuñoa,-14.434646486,-70.574028109,INC,False
Montículo Qomer Moqo  Huancasaya,melgar,nuñoa,-14.498796682,-70.577625126,INC,False
Montículo Huaycho,melgar,nuñoa,-14.49642065,-70.626489471,INC,False
Promontorio tipo Isla,melgar,nuñoa,-14.544307381,-70.58410918,INC,False
Pampa Santa Maria,melgar,nuñoa,-14.548043693,-70.582270674,INC,False
Pucara Vizcachani,melgar,nuñoa,-14.546420116,-70.562930272,INC,False
Pucara Queuñachaka,melgar,nuñoa,-14.456627582,-70.648135747,INC,False
Montículo Ciruruni  Moqo,melgar,nuñoa,-14.563470092,-70.63647313,INC,False
Montículo Santa Maria,melgar,nuñoa,-14.516674849,-70.561440853,INC,False
Montículos Esmeralda,melgar,nuñoa,-14.522342622,-70.533970108,INC,False
Montículo Pasanacollo,melgar,nuñoa,-14.540960744,-70.518973319,INC,False
Cerro Salitrera,melgar,nuñoa,-14.570925362,-70.514630882,INC,False
Estela de Acllamayo,melgar,orurillo,-14.614157944,-70.482261713,INC,False
Collpa Moqo,melgar,nuñoa,-14.579550719,-70.510077184,INC,False
Chijnarapi,melgar,orurillo,-14.671003298,-70.528297121,INC,False
Munaypata (Piedra como fuente de agua),melgar,orurillo,-14.727718584,-70.51349785,INC,False
Camellones Carmen Alto,melgar,orurillo,-14.671078925,-70.502848055,INC,False
Pucara Navecita,melgar,orurillo,-14.706609779,-70.477609078,INC,False
Sala Kancha Pampa,puno,amantaní,-15.656633561,-69.718489835,INC,False
Gentil Juscco,puno,amantaní,-15.669919724,-69.719329377,INC,True
Coanos Aylli Cancha,puno,amantaní,-15.665043842,-69.71203451,INC,False
Llaquistiti Pata (Pachamama),puno,amantaní,-15.672630114,-69.717071466,INC,False
Suchino Pata - Supay Wasi,puno,capachica,-15.649662407,-69.787281748,INC,False
Suchino Pujro,puno,capachica,-15.650176036,-69.787740869,INC,False
Añutani,el collao,ilave,-16.156257557,-69.552661339,INC,False
Altarani Llavinipunko,el collao,ilave,-16.170995103,-69.541047171,INC,False
Istuyo,el collao,ilave,-16.174447586,-69.541327837,INC,False
Incatiana,el collao,ilave,-16.160978946,-69.548147335,INC,False
Inca Bebedero,el collao,ilave,-16.161339798,-69.544911994,INC,False
Santiago Tire - Cementerio,el collao,pilcuyo,-16.167058069,-69.528530361,INC,False
Jaquecollo,el collao,pilcuyo,-16.170629951,-69.528062798,INC,False
Cerro San Bartolomé - Murallas,chucuito,juli,-16.204522587,-69.439620129,INC,False
Cerro San Bartolomé - Terrazas Agrícolas,chucuito,juli,-16.206489351,-69.441514362,INC,False
Cerro San Bartolomé - Estructuras,chucuito,juli,-16.206846635,-69.439232333,INC,False
Tumatumani,chucuito,juli,-16.204106025,-69.457105007,INC,False
Huaquina  Chullpa 1,chucuito,juli,-16.203873305,-69.472578749,INC,True
Huaquina Sapijicani  - Piedra Tallada,chucuito,juli,-16.206557768,-69.472744191,INC,False
Huaquina Sapijicani - Chullpa,chucuito,juli,-16.206461385,-69.471368662,INC,True
Calapaltata,chucuito,juli,-16.207240057,-69.474869588,INC,False
Huerto Uyo,chucuito,juli,-16.197112216,-69.425140287,INC,False
Kollini - Estructura,chucuito,juli,-16.195224587,-69.424284912,INC,False
Kollini - Terrazas Agrícolas,chucuito,juli,-16.193242784,-69.425319105,INC,False
Lucini,chucuito,juli,-16.192165318,-69.426177472,INC,False
Sanchiputo,chucuito,juli,-16.187109204,-69.418486229,INC,False
Huayllune,chucuito,juli,-16.188535976,-69.400499559,INC,False
Tumuko,chucuito,juli,-16.193949398,-69.415413409,INC,False
Ccayuchawi,chucuito,juli,-16.191918017,-69.414080727,INC,False
Tipata,chucuito,juli,-16.189748467,-69.414066848,INC,False
Wilaponko,chucuito,juli,-16.187259801,-69.415446191,INC,False
Calamar Wichinka,chucuito,juli,-16.18502318,-69.41736861,INC,False
Conventillo,chucuito,juli,-16.190378346,-69.442451454,INC,False
Pisirapi - Maqueta,chucuito,juli,-16.190494305,-69.438840657,INC,False
Pisirapi - Cementerio,chucuito,juli,-16.190293922,-69.439569909,INC,False
Conventillo  - Cementerio 1,chucuito,juli,-16.189839393,-69.440794412,INC,False
Conventillo Chullpa,chucuito,juli,-16.191044819,-69.443641035,INC,True
Conventillo Cementerio 2,chucuito,juli,-16.191875762,-69.443989031,INC,False
Viento Uta,chucuito,juli,-16.197638321,-69.396130215,INC,False
Putukopata,chucuito,juli,-16.197516316,-69.393678846,INC,False
Pata Pata,chucuito,juli,-16.198349284,-69.392978836,INC,False
Kalachuhuaniparke,chucuito,juli,-16.196042849,-69.393657212,INC,False
Tasak Parke,chucuito,juli,-16.206685868,-69.451244855,INC,False
Apacheta,chucuito,juli,-16.203280082,-69.41925006,INC,False
Mulla,chucuito,juli,-16.176528813,-69.540510328,INC,False
Contiuyo,chucuito,juli,-16.179478537,-69.542978563,INC,False
Ccoroskani,chucuito,juli,-16.177916041,-69.538877087,INC,False
Chocchoni,chucuito,juli,-16.186953322,-69.532690018,INC,False
Cutini  Montículo Artificial 1,chucuito,juli,-16.191558352,-69.531177503,INC,False
Cutini Montículo Artificial 2,chucuito,juli,-16.191741038,-69.530420235,INC,False
Yacari Tuntachawi  Chullpa1,chucuito,juli,-16.238632478,-69.459757905,INC,True
Yacari Tuntachawi  Chullpa 2,chucuito,juli,-16.238622059,-69.460394177,INC,True
Yacari Tuntachawi  Chullpa 3,chucuito,juli,-16.240599044,-69.461652669,INC,True
Santiago Chambilla  Montículo Artificial 1,chucuito,juli,-16.185400425,-69.524631439,INC,False
Santiago Chambilla  Montículo Artificial 2,chucuito,juli,-16.185457359,-69.523537086,INC,False
Santiago Chambilla - Montículo Artificial 3,chucuito,juli,-16.203891407,-69.515352763,INC,False
Inca Samaña,chucuito,juli,-16.214278185,-69.519037985,INC,False
Siquejaque,chucuito,juli,-16.215580571,-69.52245639,INC,False
Anko Ake,chucuito,juli,-16.280636899,-69.48563108,INC,False
Umahalso,chucuito,juli,-16.276825658,-69.484086815,INC,False
Sivincata,chucuito,juli,-16.275732366,-69.483859518,INC,False
Kanllacirca - Anko Ake,chucuito,juli,-16.26696894,-69.485560042,INC,False
Sullicane,chucuito,juli,-16.248707277,-69.482174478,INC,False
Palermo,chucuito,juli,-16.234776181,-69.482514827,INC,False
Pampa Palermo,chucuito,juli,-16.233452726,-69.488060329,INC,False
Qanllapünqu,chucuito,juli,-16.248201512,-69.501459531,INC,False
Caspa Qolpajavira,chucuito,juli,-16.247693184,-69.502347224,INC,False
Patjatapatja Colina 1,chucuito,juli,-16.247039239,-69.503646279,INC,False
Patjatapatja Colina 1 - Estructura,chucuito,juli,-16.245566055,-69.503520881,INC,False
Patjatapatja Colina 1 - Cementerio,chucuito,juli,-16.246225576,-69.503681638,INC,False
Patjatapatja Colina 2,chucuito,juli,-16.248058502,-69.504584644,INC,False
Hanko Pünqu,chucuito,juli,-16.249441443,-69.504644318,INC,False
Taypiqollo,chucuito,juli,-16.248476892,-69.507299453,INC,False
Colle Pünqu,chucuito,juli,-16.245473154,-69.508358516,INC,False
Capilla Pünqu,chucuito,juli,-16.245743199,-69.505055977,INC,False
Arpünqu,chucuito,juli,-16.2431101,-69.50611601,INC,False
Umajalaca Muluyo,chucuito,juli,-16.244002673,-69.51087191,INC,False
Luluchinapünqu,chucuito,juli,-16.245285454,-69.511230809,INC,False
Morocollo Jisk`a y Morocollo Jach`a,chucuito,juli,-16.244317123,-69.511677468,INC,False
Qanllapünqu  Sikecaballune,chucuito,juli,-16.241582632,-69.513532521,INC,False
Urno Parque,chucuito,juli,-16.242776933,-69.516820083,INC,False
Quinsa Pünqu Montículo 1,chucuito,juli,-16.238209372,-69.514122633,INC,False
Quinsa Pünqu Montículo 2,chucuito,juli,-16.238091016,-69.514468543,INC,False
Quinsa Pünqu Montículo 3,chucuito,juli,-16.237856574,-69.514224646,INC,False
Asiruni Pünqu,chucuito,juli,-16.238368908,-69.515433061,INC,False
Crucero,chucuito,juli,-16.23868656,-69.511176336,INC,False
Huerta Parque,chucuito,juli,-16.241841936,-69.510969264,INC,False
Julipünqu,chucuito,juli,-16.239624956,-69.508137635,INC,False
Alcamarin Pünqu Montículo 1,chucuito,juli,-16.242381505,-69.500780404,INC,False
Alcamarin Pünqu Montículo 2,chucuito,juli,-16.242300965,-69.500433976,INC,False
Apiluyo,chucuito,juli,-16.242752399,-69.500669054,INC,False
Qolpajavira  Montículo 1,chucuito,juli,-16.242861471,-69.500416678,INC,False
Qolpajavira Montículo 2,chucuito,juli,-16.242932464,-69.500978305,INC,False
Qolpajavira Montículo 3,chucuito,juli,-16.243240035,-69.500885509,INC,False
Alatauyo  Naironaque 3,chucuito,juli,-16.21810281,-69.451429892,INC,False
Santa Bárbara,chucuito,juli,-16.219455174,-69.453126484,INC,False
Olla  Colina,chucuito,juli,-16.181864949,-69.432600743,INC,False
Coyaputunku  Yacari,chucuito,juli,-16.232794221,-69.442050167,INC,False
Anko Vilque,chucuito,juli,-16.235067374,-69.440052807,INC,False
Takaya  Anko Vilque,chucuito,juli,-16.232945299,-69.43455549,INC,False
Quebrada de Takaya,chucuito,juli,-16.231915316,-69.434281876,INC,False
Gentilmoko  Yacari,chucuito,juli,-16.232183511,-69.444462918,INC,True
Suancata -Murallas,chucuito,juli,-16.215422286,-69.527976097,INC,False
Anko Vilque  Montículo,chucuito,juli,-16.232128356,-69.436191179,INC,False
Julipünqu de Caspapatac,chucuito,juli,-16.243406038,-69.499491663,INC,False
Caspapatac Tumba,chucuito,juli,-16.243116041,-69.499799728,INC,False
Caspapatac Montículo 1,chucuito,juli,-16.242800466,-69.499452704,INC,False
Caspapatac Montículo 2,chucuito,juli,-16.242937405,-69.498882244,INC,False
Caspapatac Montículo 3,chucuito,juli,-16.243046564,-69.498592437,INC,False
Maycopünqu Jisk'a,chucuito,juli,-16.239141822,-69.498404813,INC,False
Maycopünqu Jach`a,chucuito,juli,-16.23955844,-69.498068998,INC,False
Mayco Pünqu 1,chucuito,juli,-16.238816215,-69.498478852,INC,False
Mayco Pünqu 2,chucuito,juli,-16.238445543,-69.498496633,INC,False
Hacienda Castillo,chucuito,juli,-16.234478589,-69.493985891,INC,False
Carpuyo Montículo 1,chucuito,juli,-16.241238927,-69.49845688,INC,False
Carpuyo Montículo 2,chucuito,juli,-16.241546982,-69.498158219,INC,False
Hiropünqu,chucuito,juli,-16.229868476,-69.493908895,INC,False
Río Salado Montículo 1,chucuito,juli,-16.227229263,-69.493733894,INC,False
Río Salado Montículo 2,chucuito,juli,-16.225058049,-69.494448944,INC,False
Jacha Pünqu y Jiska Pünqu,chucuito,juli,-16.215511975,-69.490570383,INC,False
Hiropalca  Causilla,chucuito,juli,-16.216397958,-69.49053515,INC,False
Hiropalca Tumba,chucuito,juli,-16.216622286,-69.491256136,INC,False
Kalatirawe Monolito,chucuito,juli,-16.217181583,-69.487842483,INC,False
Kalatirawe Montículo,chucuito,juli,-16.217227319,-69.487608689,INC,False
Kalatirawe,chucuito,juli,-16.217397635,-69.488235979,INC,False
Hiropalca Montículo,chucuito,juli,-16.21053721,-69.491811774,INC,False
Tisnachuro Central Chullpa 1,chucuito,juli,-16.273073889,-69.45987542,INC,True
Tisnachuro Central  Chullpa 2,chucuito,juli,-16.271742869,-69.460873722,INC,True
Tisnachuro Central Montículo 1,chucuito,juli,-16.270797132,-69.459289872,INC,False
Tisnachuro Central Montículo 2,chucuito,juli,-16.270689264,-69.459008855,INC,False
Wilamoko Pampa,chucuito,juli,-16.250687426,-69.461676204,INC,False
Willamoco de Tisnachuro  Vista Azul,chucuito,juli,-16.250612638,-69.462808334,INC,False
Wilamoko Tumba,chucuito,juli,-16.251123878,-69.460507485,INC,False
Wilamoko Ccamaq Apacheta - Cementerio,chucuito,juli,-16.250893458,-69.466664441,INC,False
Wilamoko Ccamaq Apacheta -Tumba,chucuito,juli,-16.250525359,-69.465512555,INC,False
Tirincollo,chucuito,juli,-16.208047156,-69.477762479,INC,False
Yacari Murallas,chucuito,juli,-16.236077309,-69.445594522,INC,False
Wilq´e,chucuito,juli,-16.228082643,-69.447232696,INC,False
Wiscachani  San Bartolomé,chucuito,juli,-16.192252464,-69.436692858,INC,False
Capilla Caracollo,chucuito,juli,-16.223003039,-69.451132285,INC,False
Alatauyo Naironaque 1,chucuito,juli,-16.219124467,-69.451357367,INC,False
Alatauyo  Naironaque 2,chucuito,juli,-16.218627277,-69.451356236,INC,False
Tisnachuro Central Montículo 3,chucuito,juli,-16.270354773,-69.459017437,INC,False
Jach`a Piñuta - Cementerio 1,chucuito,juli,-16.267438726,-69.461425203,INC,False
Jach`a Piñuta - Cementerio 2,chucuito,juli,-16.266482041,-69.460721071,INC,False
Jiska Piñuta - Estructura,chucuito,juli,-16.266386828,-69.458774254,INC,False
Jisk`a Piñuta Montículo,chucuito,juli,-16.266925047,-69.456520067,INC,False
Challuco,chucuito,juli,-16.269095536,-69.45608522,INC,False
Jiska Piñuta - Cementerio,chucuito,juli,-16.27043342,-69.456088308,INC,False
Jach´a Piñuta - Cementerio 3,chucuito,juli,-16.268241917,-69.462044753,INC,False
Quilcane Montículo 1,chucuito,juli,-16.277763283,-69.469142551,INC,False
Willamoco o Gentilmoco,chucuito,juli,-16.283934175,-69.470617289,INC,True
Quilcane Montículo 2,chucuito,juli,-16.280282251,-69.470552428,INC,False
Quilcane Montículo 3,chucuito,juli,-16.277315972,-69.471106907,INC,False
Pichocollo,chucuito,juli,-16.27612206,-69.471403549,INC,False
Gentilpata de Lundayani,chucuito,juli,-16.270790893,-69.478438019,INC,True
Pichocollo Chullpa,chucuito,juli,-16.274374199,-69.472831305,INC,True
Lundayani,chucuito,juli,-16.274154832,-69.469854622,INC,False
Lundayani Monticulo 1,chucuito,juli,-16.273508282,-69.467906421,INC,False
Lundayani Montículo 2,chucuito,juli,-16.274367636,-69.467646405,INC,False
Lundayani Montículo 3,chucuito,juli,-16.274693583,-69.467413201,INC,False
Lundayani Montículo 4,chucuito,juli,-16.274097312,-69.467252688,INC,False
Lundayani Montículo 5,chucuito,juli,-16.273689759,-69.467598005,INC,False
C´camaq Apacheta Montículo 1,chucuito,juli,-16.250992478,-69.470941231,INC,False
Ccamaq Apacheta Montículo 2,chucuito,juli,-16.250337243,-69.468834153,INC,False
Pucara Sullicane,chucuito,juli,-16.250839523,-69.470745827,INC,False
Guitarrani,chucuito,juli,-16.228242279,-69.461343159,INC,False
Pucara Juli,chucuito,juli,-16.235632308,-69.471634541,INC,False
Huancarani,chucuito,juli,-16.239476061,-69.482872502,INC,False
Pucara Sullicane Chullpa 1,chucuito,juli,-16.246616592,-69.471220903,INC,True
Pucara Sullicane Chullpa 2,chucuito,juli,-16.246814947,-69.471455318,INC,True
Pucara Sullicane Chullpa 3,chucuito,juli,-16.247068685,-69.471175191,INC,True
Pucara Sullicane Chullpa 4,chucuito,juli,-16.246666408,-69.46503559,INC,True
Choquejawe Yacari,chucuito,juli,-16.226762171,-69.460226258,INC,False
Yacari Jaquecucho,chucuito,juli,-16.234092747,-69.447891907,INC,False
Yacari Tisnachuro Chullpa,chucuito,juli,-16.241995026,-69.447198615,INC,True
Yacari Condoruta,chucuito,juli,-16.234446799,-69.447181566,INC,False
Huancancareni Pattha,chucuito,juli,-16.260380665,-69.456317785,INC,False
Casarpujo,chucuito,juli,-16.250695689,-69.449417385,INC,False
Laguna Colorada 10,lampa,lampa,-15.35755194,-70.342276933,INC,False
Isla Amantañe,lampa,lampa,-15.364643103,-70.347464332,INC,False
Cueva del Toro  (Cueva del Puma),lampa,lampa,-15.377412027,-70.390538739,INC,False
Laguna Colorada 12,lampa,lampa,-15.365167126,-70.353466755,INC,False
Cerro Huaynarroque,san román,juliaca,-15.501808386,-70.139290846,INC,False
Pucara del Cerro  Espinal,san román,juliaca,-15.504365876,-70.146399026,INC,False
Montículo Satélite,san román,caracoto,-15.543034012,-70.123796972,INC,False
Chaulla Pampa I,san román,caracoto,-15.53534577,-70.097844914,INC,False
Chaulla Pampa II,san román,caracoto,-15.532792964,-70.102222797,INC,False
Cerro Cruz de Taparachi,san román,juliaca,-15.530320731,-70.138729368,INC,False
Apacheta Cerro Monos,san román,juliaca,-15.524566428,-70.146762246,INC,False
Pucara  Cerro Monos,san román,juliaca,-15.519464529,-70.157893467,INC,False
Unocolla,san román,juliaca,-15.442868548,-70.198463139,INC,False
Camino-Tramo Chacas (Laguna),san román,juliaca,-15.423950845,-70.211605325,INC,False
Laguna Chacas I  - Huayco Cochaquinray,san román,juliaca,-15.413902711,-70.2209209,INC,False
Laguna Chacas II Terraza,san román,juliaca,-15.402105943,-70.229284259,INC,False
Laguna Chacas III,san román,juliaca,-15.387590632,-70.229049983,INC,False
Laguna Chacas IV,san román,juliaca,-15.379877588,-70.229554412,INC,False
Laguna Chacas V,san román,juliaca,-15.373993243,-70.22790822,INC,False
Andenerías de Kokán,san román,juliaca,-15.402285141,-70.209793368,INC,False
Aya Moq'o,san román,juliaca,-15.438282573,-70.192342152,INC,False
Terraza Fluvial,san román,juliaca,-15.438974816,-70.18629801,INC,False
Andenerías de  Arcopunco,san román,juliaca,-15.427430431,-70.176382674,INC,False
Montículo Chejollani,san román,juliaca,-15.432810059,-70.174418732,INC,False
Terraza Fluvial ( Fundo Copurano Apurímac ),san román,juliaca,-15.434006218,-70.165274266,INC,False
Isla Cocha,san román,juliaca,-15.431634155,-70.160825262,INC,False
Pukara de Maravillas,san román,juliaca,-15.429892438,-70.15855112,INC,False
Cerro Chingora,san román,juliaca,-15.389792413,-70.157248286,INC,False
Montículo Maravillas,san román,juliaca,-15.428531688,-70.145553253,INC,False
Colina  Maravillas,san román,juliaca,-15.435825769,-70.140393204,INC,False
Montículo Isla Qorihuata,san román,juliaca,-15.446769033,-70.132195827,INC,False
Apacheta Cruz Cunca,lampa,lampa,-15.413775496,-70.387379426,INC,False
Roca y Montículos Siete Keros,lampa,lampa,-15.442406728,-70.416401245,INC,False
Chullpa Yuraq Aya,lampa,lampa,-15.444096267,-70.426374277,INC,True
Tariachi,san román,juliaca,-15.490087686,-70.183475638,INC,False
Calapampa,carabaya,crucero,-14.344260542,-70.114564076,INC,False
Terraza,carabaya,crucero,-14.357550944,-70.05096994,INC,False
Triunfo,azangaro,san antón,-14.548803323,-70.297048599,INC,False
San Antón Antiguo,azangaro,san antón,-14.59065268,-70.305814369,INC,False
Molino Colonial,azangaro,san josé,-14.668507913,-70.159561737,INC,False
Putina  Punku,azangaro,san josé,-14.683919687,-70.195442213,INC,False
Laguna Colorada 5,lampa,lampa,-15.345959187,-70.360323236,INC,False
Laguna Colorada 8,lampa,lampa,-15.366187562,-70.342494086,INC,False
Laguna Colorada 11,lampa,lampa,-15.370555032,-70.343705138,INC,False
Apacheta Espinal,san román,juliaca,-15.502988685,-70.141432919,INC,False
Comer Moq'o,san román,caracoto,-15.534055609,-70.111534896,INC,False
Montículo  Pampa Maravillas,san román,juliaca,-15.439596466,-70.132060013,INC,False
Camino Tramo a Huayta,lampa,lampa,-15.463369281,-70.401348063,INC,False
Pukara Titicura Victoria,san román,juliaca,-15.419553197,-70.226714469,INC,False
Yacari Tisnachuro,chucuito,juli,-16.251008264,-69.451214815,INC,False
Huancarane Pampa,chucuito,juli,-16.253985089,-69.458371154,INC,False
Hanko Ankoni Callejón,chucuito,pomata,-16.267545646,-69.301727541,INC,False
Tococawa,chucuito,pomata,-16.261044366,-69.309082772,INC,False
Asirune Chullpa 1,chucuito,pomata,-16.2717595,-69.31332045,INC,True
"Asirune Chullpas 2,3 y 4",chucuito,pomata,-16.27371941,-69.314502808,INC,True
Asirune Chullpa 5,chucuito,pomata,-16.272788509,-69.31436094,INC,True
Asirune Chullpa 6,chucuito,pomata,-16.273465361,-69.315129463,INC,True
Asirune Chullpa 7,chucuito,pomata,-16.271884671,-69.314256552,INC,True
Pichuña Chullpa 1,chucuito,pomata,-16.279688667,-69.318602369,INC,True
Pichuña Chullpa 2,chucuito,pomata,-16.278847421,-69.318956667,INC,True
Tococawa  Terrazas,chucuito,pomata,-16.263187032,-69.308945744,INC,False
Orocollo Terrazas,chucuito,pomata,-16.271975875,-69.313713874,INC,False
Tanapaca Pucara,chucuito,pomata,-16.314432187,-69.37706189,INC,False
Rosaspata 1,carabaya,crucero,-14.361032082,-70.002738995,INC,False
Rosaspata 2,carabaya,crucero,-14.357168656,-70.0056243,INC,False
Rosaspata 3,carabaya,crucero,-14.368924068,-70.004934903,INC,False
Oquechupa,azangaro,potoni,-14.374146748,-70.009808455,INC,False
Qaycunipata 1,azangaro,potoni,-14.38846749,-70.018052814,INC,False
Qaycunipata 2,azangaro,potoni,-14.383414803,-70.011528701,INC,False
Cruzcuncapampa 1,carabaya,crucero,-14.35305004,-70.038302372,INC,False
Cruzcuncapampa 2,carabaya,crucero,-14.351609912,-70.040984864,INC,False
Cruzcuncapampa 3,carabaya,crucero,-14.351506801,-70.039760372,INC,False
Cruz Pata,carabaya,crucero,-14.344452982,-70.048518215,INC,False
Cruz Pata 1,carabaya,crucero,-14.345719333,-70.048357197,INC,False
Cruz Pata 2,carabaya,crucero,-14.350781833,-70.052451495,INC,False
Cruz Pata 3,carabaya,crucero,-14.342054992,-70.051084802,INC,False
Cruz Pata 4,carabaya,crucero,-14.339166795,-70.054103388,INC,False
Crucero Pampa,carabaya,crucero,-14.355186248,-70.050005454,INC,False
Huat'apampa,carabaya,crucero,-14.365004059,-70.016824553,INC,False
Camino Tramo Cangalle - San Antón (Azángaro),azangaro,san antón,-14.415013482,-70.267629209,INC,False
Peñasco Huacayacu,azangaro,san antón,-14.414639405,-70.263212288,INC,False
Chilliutira,azangaro,san antón,-14.419081182,-70.260900003,INC,False
Maransilluni  Pukarapata (Huancasayani),azangaro,san antón,-14.437048213,-70.251419224,INC,False
Pucara Pampa,azangaro,san antón,-14.490582012,-70.240975002,INC,False
Cima del cerro Wilacunca,azangaro,san antón,-14.491896499,-70.2521995,INC,False
Isla - Qañicuto pampa,azangaro,san antón,-14.48432458,-70.254977444,INC,False
Isla Chimpa,azangaro,san antón,-14.48737566,-70.255783218,INC,False
Pukara  Unión Soratire,azangaro,san antón,-14.578873322,-70.290771824,INC,False
Huymacota,azangaro,san antón,-14.581577726,-70.292114851,INC,False
San Antón 1,azangaro,san antón,-14.584124276,-70.295842406,INC,False
Cerro Calvario San Antón,azangaro,san antón,-14.590925682,-70.309749539,INC,False
Chullpas Santa María,azangaro,san antón,-14.544934885,-70.299743253,INC,True
Huancasaya Triunfo,azangaro,san antón,-14.555138375,-70.298475832,INC,False
Río San José,azangaro,san josé,-14.684499235,-70.194339651,INC,False
Chijurane,azangaro,san josé,-14.709478425,-70.147258075,INC,False
Valenciani,azangaro,san josé,-14.713764888,-70.150577591,INC,False
Valenciani 1,azangaro,san josé,-14.717358417,-70.15507315,INC,False
Valenciani 2,azangaro,san josé,-14.726393704,-70.150513762,INC,False
Pichacane,azangaro,san josé,-14.734887592,-70.149387961,INC,False
Muyo Pucara  (Cosmo pucara),azangaro,san josé,-14.72978524,-70.146537558,INC,False
Huancasayani,azangaro,san josé,-14.690254929,-70.150092332,INC,False
Apacheta de San José,azangaro,san josé,-14.678537611,-70.163161724,INC,False
Cerro Lupaka,azangaro,san josé,-14.69651365,-70.160340684,INC,False
Trapiche San José,azangaro,san josé,-14.661049093,-70.157052428,INC,False
Lupaka San José,azangaro,san josé,-14.676707282,-70.156781806,INC,False
Rosas Cancha,azangaro,san josé,-14.68298969,-70.156824109,INC,False
Cruz Cunca,azangaro,san josé,-14.743824749,-70.257723504,INC,False
Parajlay Pucara,azangaro,san josé,-14.74769007,-70.253379962,INC,False
Llaulli Inca Pukara,azangaro,san josé,-14.760971143,-70.241249745,INC,False
Chullpas de Tiqatiqa,azangaro,san josé,-14.749427034,-70.236326191,INC,True
Qaqa wasi Chinini,azangaro,san josé,-14.744197559,-70.242260021,INC,False
Huancasayapata Alta Gracia,azangaro,san josé,-14.745349101,-70.239916499,INC,False
Pirámide Uyuni Hatún Sururo,azangaro,san josé,-14.732882416,-70.224873339,INC,False
Cancha Cancha Tintiri,azangaro,azangaro,-14.875795732,-70.101910001,INC,False
Laguna Colorada 1,lampa,lampa,-15.356823533,-70.364004003,INC,False
Laguna Colorada 2,lampa,lampa,-15.357885442,-70.357360028,INC,False
Laguna Colorada  3,lampa,lampa,-15.356011831,-70.356304648,INC,False
Laguna Colorada 4,lampa,lampa,-15.345891702,-70.360244498,INC,False
Laguna Colorada 6,lampa,lampa,-15.338060521,-70.359374172,INC,False
Laguna Colorada 7,lampa,lampa,-15.341750019,-70.353138859,INC,False
MARCAHUAY,puno,mañazo,-15.811112453,-70.358635362,INC,False
Laguna Saytococha,san roman,cabanillas,-15.909688788,-70.546165841,INC,False
Apacheta 1,melgar,santa rosa,-14.494642548,-70.966477609,INC,False
Apacheta 2,melgar,santa rosa,-14.494959886,-70.96418938,INC,False
A-9,moho,moho,-15.388601769,-69.426430646,INC,False
Apacheta de Llocarapi,azangaro,huancane,-15.161387018,-69.895781533,INC,False
A-6,azangaro,chupa,-15.1548321,-69.909538207,INC,False
A-4,azangaro,arapa,-15.143264453,-70.150473678,INC,False
A-5,azangaro,arapa,-15.123555766,-70.145621542,INC,False
A-10,moho,conima,-15.432317251,-69.447462788,INC,False
A-11,moho,conima,-15.448425601,-69.443992572,INC,False
NN,puno,mañazo,-15.819862287,-70.405373173,INC,False
NN,puno,mañazo,-15.823179244,-70.415124166,INC,False
NN,san roman,cabanillas,-15.825467864,-70.427239532,INC,False
NN,san roman,cabanillas,-15.830299158,-70.441529794,INC,False
NN,san roman,cabanillas,-15.845038196,-70.445919995,INC,False
Hatun Apacheta,san roman,cabanillas,-15.824504553,-70.422536788,INC,False
NN,san roman,cabanillas,-15.850364926,-70.457563838,INC,False
NN,san roman,cabanillas,-15.860425034,-70.464144312,INC,False
NN,san roman,cabanillas,-15.914704891,-70.568684667,INC,False
NN,san roman,cabanillas,-15.918210126,-70.572597182,INC,False
NN,san roman,cabanillas,-16.009045762,-70.670808393,INC,False
NN,san roman,cabanillas,-16.022046478,-70.7159363,INC,False
NN,san roman,cabanillas,-16.010758713,-70.768358783,INC,False
NN,melgar,nuñoa,-14.47514291,-70.635796021,INC,False
NN,melgar,nuñoa,-14.502400599,-70.624380778,INC,False
NN,melgar,nuñoa,-14.620566676,-70.597157825,INC,False
NN,melgar,ayaviri,-14.810998504,-70.547827425,INC,False
NN,melgar,ayaviri,-14.813627356,-70.54936975,INC,False
NN,melgar,ayaviri,-14.820520327,-70.552559142,INC,False
NN,melgar,ayaviri,-14.82539256,-70.55382029,INC,False
NN,melgar,ayaviri,-14.827139874,-70.554734025,INC,False
NN,melgar,ayaviri,-14.830604363,-70.555660011,INC,False
NN,melgar,ayaviri,-14.830756634,-70.555865514,INC,False
NN,azangaro,tirapata,-14.862219581,-70.423488768,INC,False
NN,huancane,huancane,-15.205423488,-69.754765704,INC,False
Kencco,puno,acora,-15.977444708,-69.64386416,INC,False
Checca,el collao,ilave,-16.175162041,-69.668138906,INC,False
Pichichu,el collao,ilave,-16.273500949,-69.713673604,INC,False
Wilakollo,melgar,ayaviri,-14.873934494,-70.606822333,INC,False
Pukachupa,melgar,pucara,-14.914573247,-70.501225632,INC,False
#3,melgar,ayaviri,-14.902043603,-70.493256846,INC,False
Oq'echupa,melgar,ayaviri,-14.876012925,-70.494555245,INC,False
Pucarani,azangaro,azangaro,-14.87745316,-70.234135341,INC,False
#6,melgar,nuñoa,-14.490759691,-70.624295967,INC,False
#7,melgar,nuñoa,-14.363249201,-70.54253212,INC,False
#13,azangaro,tirapata,-14.859581623,-70.421808022,INC,False
#14,melgar,nuñoa,-14.275656053,-70.467759054,INC,False
#15,puno,atuncolla,-15.690231076,-70.154374255,INC,False
La Raya,melgar,sta rosa,-14.494697808,-70.965272264,INC,False
Jullulluma,melgar,sta rosa,-14.682307451,-70.732121392,INC,False
Tinajani,melgar,ayaviri,-14.994788359,-70.579054457,INC,False
Mallacasi,lampa,pucara,-15.01654989,-70.479960649,INC,False
Chasquiwasi de Gergachi,azangaro,arapa,-15.136136823,-70.138867857,INC,False
S 24,puno,puno,-15.956984934,-70.022974445,INC,False
S 25,puno,puno,-15.985476389,-70.03245438,INC,False
Arkopunko,puno,pichacani,-15.983887962,-70.016756821,INC,False
Cutimbo,puno,pichacani,-15.981017669,-70.013957699,INC,False
S 29,puno,pichacani,-16.091687726,-70.018939702,INC,False
Cueva Pacallani,puno,pichacani,-16.094618837,-70.018421727,INC,False
Domestico Mallcumayo,puno,puno,-15.975180405,-70.023066846,INC,False
Cementerio Humchoca,puno,pichacani,-16.156093722,-70.073644283,INC,False
Baños de Coripongo,puno,pichacani,-16.265738811,-70.140414515,INC,False
S 39,puno,pichacani,-16.293074214,-70.197192277,INC,False
Quimillone 3,san roman,cabanillas,-15.945101742,-70.590404972,INC,False
Quimillone 4,san roman,cabanillas,-15.946763704,-70.590530195,INC,False
Quimillone 1,san roman,cabanillas,-15.952861883,-70.601797105,INC,False
Molino de Quimillone,san roman,cabanillas,-15.961855908,-70.624475244,INC,False
Quimillone 2,san roman,cabanillas,-15.983497072,-70.636823179,INC,False
Ojecancha,san roman,cabanillas,-15.989071799,-70.641726746,INC,False
Achacune,san roman,cabanillas,-16.008533068,-70.679764557,INC,False
Qda. Achacune 1,san roman,cabanillas,-16.011405867,-70.685656364,INC,False
Qda. Achacune 2,san roman,cabanillas,-16.011670046,-70.689984691,INC,False
Qda. Achacune 3,san roman,cabanillas,-16.015778615,-70.691551645,INC,False
Hullata Baja 1,san roman,cabanillas,-16.010628622,-70.76549858,INC,False
Jaychihua,melgar,macari,-14.728647292,-70.799282517,INC,False
Sillustani,puno,atuncolla,-15.723555553,-70.154869887,INC,False
NN,el collao,ilave,-16.409453693,-69.787552659,INC,False
Apacheta Willakollo,melgar,ayaviri,-14.871104382,-70.605695517,INC,False
Apacheta Jinchupallakunka,melgar,ayaviri,-14.873422679,-70.580314671,INC,False
Apacheta Laguaqollokunka,melgar,ayaviri,-14.871188395,-70.580577163,INC,False
NN,melgar,ayaviri,-14.861918223,-70.572220624,INC,False
Apacheta Caluyokunka,melgar,ayaviri,-14.851354819,-70.573184946,INC,False
Apacheta Vilakunka,azangaro,tirapata,-14.870711671,-70.443023773,INC,False
Apacheta N° 7,azangaro,tirapata,-14.870904512,-70.439660767,INC,False
Apacheta N° 8,azangaro,tirapata,-14.868368888,-70.434644072,INC,False
Apacheta N° 9,azangaro,tirapata,-14.867314484,-70.428345466,INC,False
Apacheta N° 10,azangaro,tirapata,-14.866502783,-70.426602243,INC,False
Apacheta Rumikunka,azangaro,asillo,-14.819061971,-70.376888361,INC,False
Apacheta N° 12,melgar,umachiri,-14.785698949,-70.717770048,INC,False
Apacheta P'asñapata,azangaro,asillo,-14.799775686,-70.348838467,INC,False
Apacheta Q'esqani,azangaro,azangaro,-14.855793566,-70.291855006,INC,False
Apacheta N° 15,melgar,ayaviri,-14.814921479,-70.550475282,INC,False
Apacheta N° 16,melgar,ayaviri,-14.810624835,-70.546942146,INC,False
Apacheta Pukakunka,melgar,nuñoa,-14.643751572,-70.587717302,INC,False
Q'ello Apacheta,carabaya,macusani,-14.215175517,-70.480850212,INC,False
Apacheta Q'ellosani Munaypata Kunka,carabaya,macusani,-14.22128953,-70.478814382,INC,False
Apacheta N° 20,melgar,nuñoa,-14.262044906,-70.463046204,INC,False
Apacheta N° 21,melgar,nuñoa,-14.440087442,-70.608884037,INC,False
