id,nombre,distrito,lat,lon,x_m,y_m,altitud_m,col,fila,funerario
0,Cerro San Bartolomé - Murallas,juli,-16.204522587,-69.439620129,2468.7,3452.2,4098.0,979,684,False
1,Cerro San Bartolomé - Terrazas Agrícolas,juli,-16.206489351,-69.441514362,2266.5,3233.5,4020.3,972,691,False
2,Cerro San Bartolomé - Estructuras,juli,-16.206846635,-69.439232333,2510.1,3193.7,4014.4,980,692,False
3,Tumatumani,juli,-16.204106025,-69.457105007,602.0,3498.5,3818.0,916,682,False
4,Huaquina  Chullpa 1,juli,-16.203873305,-69.472578749,-1050.0,3524.4,3884.3,860,681,True
5,Huaquina Sapijicani  - Piedra Tallada,juli,-16.206557768,-69.472744191,-1067.6,3225.9,3896.5,860,691,False
6,Huaquina Sapijicani - Chullpa,juli,-16.206461385,-69.471368662,-920.8,3236.6,3941.0,865,691,True
7,Calapaltata,juli,-16.207240057,-69.474869588,-1294.5,3150.0,3851.0,852,693,False
8,Huerto Uyo,juli,-16.197112216,-69.425140287,4014.6,4276.2,3936.3,1031,657,False
9,Kollini - Estructura,juli,-16.195224587,-69.424284912,4105.9,4486.1,3934.0,1034,650,False
10,Kollini - Terrazas Agrícolas,juli,-16.193242784,-69.425319105,3995.5,4706.4,3912.7,1031,643,False
11,Lucini,juli,-16.192165318,-69.426177472,3903.9,4826.2,3916.6,1027,639,False
12,Sanchiputo,juli,-16.187109204,-69.418486229,4725.0,5388.4,3823.0,1055,621,False
13,Huayllune,juli,-16.188535976,-69.400499559,6645.2,5229.8,3861.6,1120,626,False
14,Tumuko,juli,-16.193949398,-69.415413409,5053.0,4627.8,3916.7,1066,645,False
15,Ccayuchawi,juli,-16.191918017,-69.414080727,5195.3,4853.7,3868.4,1071,638,False
16,Tipata,juli,-16.189748467,-69.414066848,5196.8,5095.0,3849.9,1071,630,False
17,Wilaponko,juli,-16.187259801,-69.415446191,5049.5,5371.7,3820.4,1066,621,False
18,Calamar Wichinka,juli,-16.18502318,-69.41736861,4844.3,5620.4,3832.3,1059,613,False
19,Conventillo,juli,-16.190378346,-69.442451454,2166.4,5024.9,3897.3,969,633,False
20,Pisirapi - Maqueta,juli,-16.190494305,-69.438840657,2551.9,5012.0,3907.5,982,633,False
21,Pisirapi - Cementerio,juli,-16.190293922,-69.439569909,2474.1,5034.3,3902.9,979,632,False
22,Conventillo  - Cementerio 1,juli,-16.189839393,-69.440794412,2343.3,5084.9,3894.5,975,631,False
23,Conventillo Chullpa,juli,-16.191044819,-69.443641035,2039.4,4950.8,3899.3,965,635,True
24,Conventillo Cementerio 2,juli,-16.191875762,-69.443989031,2002.3,4858.4,3905.2,963,638,False
25,Viento Uta,juli,-16.197638321,-69.396130215,7111.7,4217.7,3822.1,1136,659,False
26,Putukopata,juli,-16.197516316,-69.393678846,7373.4,4231.2,3834.2,1144,658,False
27,Pata Pata,juli,-16.198349284,-69.392978836,7448.2,4138.6,3830.0,1147,661,False
28,Kalachuhuaniparke,juli,-16.196042849,-69.393657212,7375.7,4395.1,3857.4,1145,653,False
29,Tasak Parke,juli,-16.206685868,-69.451244855,1227.7,3211.6,3861.1,937,691,False
30,Apacheta,juli,-16.203280082,-69.41925006,4643.4,3590.3,3938.0,1052,679,False
31,Mulla,juli,-16.176528813,-69.540510328,-8302.4,6564.9,3822.4,616,583,False
32,Contiuyo,juli,-16.179478537,-69.542978563,-8565.9,6236.9,3842.4,607,593,False
33,Ccoroskani,juli,-16.177916041,-69.538877087,-8128.0,6410.7,3839.6,622,588,False
34,Chocchoni,juli,-16.186953322,-69.532690018,-7467.5,5405.8,3819.5,644,620,False
35,Cutini  Montículo Artificial 1,juli,-16.191558352,-69.531177503,-7306.0,4893.7,3819.0,649,637,False
36,Cutini Montículo Artificial 2,juli,-16.191741038,-69.530420235,-7225.1,4873.4,3817.7,652,638,False
37,Yacari Tuntachawi  Chullpa1,juli,-16.238632478,-69.459757905,318.8,-340.7,3929.8,907,806,True
38,Yacari Tuntachawi  Chullpa 2,juli,-16.238622059,-69.460394177,250.9,-339.5,3946.6,904,806,True
39,Yacari Tuntachawi  Chullpa 3,juli,-16.240599044,-69.461652669,116.5,-559.4,3977.9,900,813,True
40,Santiago Chambilla  Montículo Artificial 1,juli,-16.185400425,-69.524631439,-6607.1,5578.4,3813.8,673,615,False
41,Santiago Chambilla  Montículo Artificial 2,juli,-16.185457359,-69.523537086,-6490.3,5572.1,3813.4,677,615,False
42,Santiago Chambilla - Montículo Artificial 3,juli,-16.203891407,-69.515352763,-5616.5,3522.3,3814.6,706,681,False
43,Inca Samaña,juli,-16.214278185,-69.519037985,-6010.0,2367.4,3830.0,693,719,False
44,Siquejaque,juli,-16.215580571,-69.52245639,-6374.9,2222.6,3893.4,681,723,False
45,Anko Ake,juli,-16.280636899,-69.48563108,-2443.4,-5011.4,3914.9,813,958,False
46,Umahalso,juli,-16.276825658,-69.484086815,-2278.6,-4587.6,3891.3,819,944,False
47,Sivincata,juli,-16.275732366,-69.483859518,-2254.3,-4466.0,3886.7,820,940,False
48,Kanllacirca - Anko Ake,juli,-16.26696894,-69.485560042,-2435.9,-3491.6,3876.3,814,908,False
49,Sullicane,juli,-16.248707277,-69.482174478,-2074.4,-1461.0,3838.0,826,843,False
50,Palermo,juli,-16.234776181,-69.482514827,-2110.7,88.1,3870.6,825,792,False
51,Pampa Palermo,juli,-16.233452726,-69.488060329,-2702.8,235.3,3825.9,805,788,False
52,Qanllapünqu,juli,-16.248201512,-69.501459531,-4133.3,-1404.7,3863.9,756,841,False
53,Caspa Qolpajavira,juli,-16.247693184,-69.502347224,-4228.1,-1348.2,3869.1,753,839,False
54,Patjatapatja Colina 1,juli,-16.247039239,-69.503646279,-4366.7,-1275.5,3878.4,749,837,False
55,Patjatapatja Colina 1 - Estructura,juli,-16.245566055,-69.503520881,-4353.4,-1111.7,3863.4,749,831,False
56,Patjatapatja Colina 1 - Cementerio,juli,-16.246225576,-69.503681638,-4370.5,-1185.0,3873.2,748,834,False
57,Patjatapatja Colina 2,juli,-16.248058502,-69.504584644,-4466.9,-1388.8,3876.9,745,840,False
58,Hanko Pünqu,juli,-16.249441443,-69.504644318,-4473.3,-1542.6,3875.1,745,845,False
59,Taypiqollo,juli,-16.248476892,-69.507299453,-4756.8,-1435.3,3868.0,735,842,False
60,Colle Pünqu,juli,-16.245473154,-69.508358516,-4869.8,-1101.3,3858.1,732,831,False
61,Capilla Pünqu,juli,-16.245743199,-69.505055977,-4517.2,-1131.4,3861.4,743,832,False
62,Arpünqu,juli,-16.2431101,-69.50611601,-4630.4,-838.6,3847.7,740,822,False
63,Umajalaca Muluyo,juli,-16.244002673,-69.51087191,-5138.2,-937.8,3855.6,723,826,False
64,Luluchinapünqu,juli,-16.245285454,-69.511230809,-5176.5,-1080.5,3862.6,721,830,False
65,Morocollo Jisk`a y Morocollo Jach`a,juli,-16.244317123,-69.511677468,-5224.2,-972.8,3858.5,720,827,False
66,Qanllapünqu  Sikecaballune,juli,-16.241582632,-69.513532521,-5422.2,-668.7,3850.5,713,817,False
67,Urno Parque,juli,-16.242776933,-69.516820083,-5773.2,-801.5,3898.9,701,821,False
68,Quinsa Pünqu Montículo 1,juli,-16.238209372,-69.514122633,-5485.2,-293.6,3843.8,711,805,False
69,Quinsa Pünqu Montículo 2,juli,-16.238091016,-69.514468543,-5522.1,-280.5,3846.1,710,804,False
70,Quinsa Pünqu Montículo 3,juli,-16.237856574,-69.514224646,-5496.1,-254.4,3846.1,710,804,False
71,Asiruni Pünqu,juli,-16.238368908,-69.515433061,-5625.1,-311.4,3851.4,706,805,False
72,Crucero,juli,-16.23868656,-69.511176336,-5170.7,-346.7,3842.1,721,807,False
73,Huerta Parque,juli,-16.241841936,-69.510969264,-5148.6,-697.6,3846.6,722,818,False
74,Julipünqu,juli,-16.239624956,-69.508137635,-4846.2,-451.0,3841.8,732,810,False
75,Alcamarin Pünqu Montículo 1,juli,-16.242381505,-69.500780404,-4060.8,-757.6,3849.8,759,820,False
76,Alcamarin Pünqu Montículo 2,juli,-16.242300965,-69.500433976,-4023.8,-748.6,3848.5,760,820,False
77,Apiluyo,juli,-16.242752399,-69.500669054,-4048.9,-798.8,3850.7,759,821,False
78,Qolpajavira  Montículo 1,juli,-16.242861471,-69.500416678,-4022.0,-810.9,3851.1,760,822,False
79,Qolpajavira Montículo 2,juli,-16.242932464,-69.500978305,-4081.9,-818.8,3853.6,758,822,False
80,Qolpajavira Montículo 3,juli,-16.243240035,-69.500885509,-4072.0,-853.0,3853.8,759,823,False
81,Alatauyo  Naironaque 3,juli,-16.21810281,-69.451429892,1207.9,1942.1,3996.1,937,732,False
82,Santa Bárbara,juli,-16.219455174,-69.453126484,1026.8,1791.7,4009.9,930,737,False
83,Olla  Colina,juli,-16.181864949,-69.432600743,3218.1,5971.6,3856.0,1004,602,False
84,Coyaputunku  Yacari,juli,-16.232794221,-69.442050167,2209.3,308.5,4138.6,970,785,False
85,Anko Vilque,juli,-16.235067374,-69.440052807,2422.5,55.7,4130.5,977,793,False
86,Takaya  Anko Vilque,juli,-16.232945299,-69.43455549,3009.4,291.7,4081.5,997,786,False
87,Quebrada de Takaya,juli,-16.231915316,-69.434281876,3038.6,406.2,4067.9,998,782,False
88,Gentilmoko  Yacari,juli,-16.232183511,-69.444462918,1951.7,376.4,4144.1,962,783,True
89,Suancata -Murallas,juli,-16.215422286,-69.527976097,-6964.2,2240.2,4099.6,661,723,False
90,Anko Vilque  Montículo,juli,-16.232128356,-69.436191179,2834.8,382.5,4088.7,991,783,False
91,Julipünqu de Caspapatac,juli,-16.243406038,-69.499491663,-3923.2,-871.5,3850.5,764,824,False
92,Caspapatac Tumba,juli,-16.243116041,-69.499799728,-3956.1,-839.2,3849.6,762,822,False
93,Caspapatac Montículo 1,juli,-16.242800466,-69.499452704,-3919.0,-804.1,3846.7,764,821,False
94,Caspapatac Montículo 2,juli,-16.242937405,-69.498882244,-3858.1,-819.4,3846.9,766,822,False
95,Caspapatac Montículo 3,juli,-16.243046564,-69.498592437,-3827.2,-831.5,3845.3,767,822,False
96,Maycopünqu Jisk'a,juli,-16.239141822,-69.498404813,-3807.2,-397.3,3837.6,767,808,False
97,Maycopünqu Jach`a,juli,-16.23955844,-69.498068998,-3771.3,-443.6,3835.9,769,810,False
98,Mayco Pünqu 1,juli,-16.238816215,-69.498478852,-3815.1,-361.1,3836.6,767,807,False
99,Mayco Pünqu 2,juli,-16.238445543,-69.498496633,-3817.0,-319.9,3835.8,767,806,False
100,Hacienda Castillo,juli,-16.234478589,-69.493985891,-3335.4,121.2,3823.5,783,791,False
101,Carpuyo Montículo 1,juli,-16.241238927,-69.49845688,-3812.7,-630.5,3843.2,767,816,False
102,Carpuyo Montículo 2,juli,-16.241546982,-69.498158219,-3780.8,-664.8,3841.7,768,817,False
103,Hiropünqu,juli,-16.229868476,-69.493908895,-3327.2,633.8,3819.9,784,775,False
104,Río Salado Montículo 1,juli,-16.227229263,-69.493733894,-3308.5,927.3,3820.7,784,765,False
105,Río Salado Montículo 2,juli,-16.225058049,-69.494448944,-3384.8,1168.7,3819.5,782,757,False
106,Jacha Pünqu y Jiska Pünqu,juli,-16.215511975,-69.490570383,-2970.8,2230.2,3816.1,796,723,False
107,Hiropalca  Causilla,juli,-16.216397958,-69.49053515,-2967.0,2131.7,3817.1,796,726,False
108,Hiropalca Tumba,juli,-16.216622286,-69.491256136,-3044.0,2106.7,3815.6,793,727,False
109,Kalatirawe Monolito,juli,-16.217181583,-69.487842483,-2679.5,2044.5,3816.1,805,729,False
110,Kalatirawe Montículo,juli,-16.217227319,-69.487608689,-2654.6,2039.5,3815.8,806,729,False
111,Kalatirawe,juli,-16.217397635,-69.488235979,-2721.5,2020.5,3816.0,804,730,False
112,Hiropalca Montículo,juli,-16.21053721,-69.491811774,-3103.3,2783.4,3813.8,791,705,False
113,Tisnachuro Central Chullpa 1,juli,-16.273073889,-69.45987542,306.3,-4170.4,4019.1,906,930,True
114,Tisnachuro Central  Chullpa 2,juli,-16.271742869,-69.460873722,199.7,-4022.4,4004.9,903,926,True
115,Tisnachuro Central Montículo 1,juli,-16.270797132,-69.459289872,368.8,-3917.2,3984.2,908,922,False
116,Tisnachuro Central Montículo 2,juli,-16.270689264,-69.459008855,398.8,-3905.2,3985.0,909,922,False
117,Wilamoko Pampa,juli,-16.250687426,-69.461676204,114.0,-1681.1,3879.2,900,850,False
118,Willamoco de Tisnachuro  Vista Azul,juli,-16.250612638,-69.462808334,-6.9,-1672.8,3875.4,896,849,False
119,Wilamoko Tumba,juli,-16.251123878,-69.460507485,238.8,-1729.7,3880.6,904,851,False
120,Wilamoko Ccamaq Apacheta - Cementerio,juli,-16.250893458,-69.466664441,-418.5,-1704.0,3867.8,882,850,False
121,Wilamoko Ccamaq Apacheta -Tumba,juli,-16.250525359,-69.465512555,-295.6,-1663.1,3862.5,886,849,False
122,Tirincollo,juli,-16.208047156,-69.477762479,-1603.4,3060.2,3829.3,842,696,False
123,Yacari Murallas,juli,-16.236077309,-69.445594522,1830.9,-56.6,4232.4,958,797,False
124,Wilq´e,juli,-16.228082643,-69.447232696,1656.0,832.4,4124.3,952,768,False
125,Wiscachani  San Bartolomé,juli,-16.192252464,-69.436692858,2781.2,4816.5,4050.0,990,639,False
126,Capilla Caracollo,juli,-16.223003039,-69.451132285,1239.7,1397.2,4228.0,938,750,False
127,Alatauyo Naironaque 1,juli,-16.219124467,-69.451357367,1215.6,1828.5,4024.7,937,736,False
128,Alatauyo  Naironaque 2,juli,-16.218627277,-69.451356236,1215.8,1883.8,4008.5,937,734,False
129,Tisnachuro Central Montículo 3,juli,-16.270354773,-69.459017437,397.9,-3868.0,3982.9,909,921,False
130,Jach`a Piñuta - Cementerio 1,juli,-16.267438726,-69.461425203,140.8,-3543.8,3982.4,901,910,False
131,Jach`a Piñuta - Cementerio 2,juli,-16.266482041,-69.460721071,216.0,-3437.4,3996.7,903,907,False
132,Jiska Piñuta - Estructura,juli,-16.266386828,-69.458774254,423.8,-3426.8,4019.7,910,906,False
133,Jisk`a Piñuta Montículo,juli,-16.266925047,-69.456520067,664.5,-3486.7,4037.6,918,908,False
134,Challuco,juli,-16.269095536,-69.45608522,710.9,-3728.0,4024.1,920,916,False
135,Jiska Piñuta - Cementerio,juli,-16.27043342,-69.456088308,710.6,-3876.8,4033.0,920,921,False
136,Jach´a Piñuta - Cementerio 3,juli,-16.268241917,-69.462044753,74.7,-3633.1,3958.0,898,913,False
137,Quilcane Montículo 1,juli,-16.277763283,-69.469142551,-683.1,-4691.8,3980.2,873,947,False
138,Willamoco o Gentilmoco,juli,-16.283934175,-69.470617289,-840.6,-5378.0,4054.1,867,969,True
139,Quilcane Montículo 2,juli,-16.280282251,-69.470552428,-833.6,-4971.9,4010.7,868,956,False
140,Quilcane Montículo 3,juli,-16.277315972,-69.471106907,-892.8,-4642.1,3981.3,866,946,False
141,Pichocollo,juli,-16.27612206,-69.471403549,-924.5,-4509.3,3976.5,865,941,False
142,Gentilpata de Lundayani,juli,-16.270790893,-69.478438019,-1675.5,-3916.5,3908.0,839,922,True
143,Pichocollo Chullpa,juli,-16.274374199,-69.472831305,-1076.9,-4315.0,3953.1,859,935,True
144,Lundayani,juli,-16.274154832,-69.469854622,-759.1,-4290.6,3941.3,870,934,False
145,Lundayani Monticulo 1,juli,-16.273508282,-69.467906421,-551.1,-4218.7,3949.8,877,932,False
146,Lundayani Montículo 2,juli,-16.274367636,-69.467646405,-523.4,-4314.3,3956.9,878,935,False
147,Lundayani Montículo 3,juli,-16.274693583,-69.467413201,-498.5,-4350.5,3960.8,879,936,False
148,Lundayani Montículo 4,juli,-16.274097312,-69.467252688,-481.3,-4284.2,3959.4,880,934,False
149,Lundayani Montículo 5,juli,-16.273689759,-69.467598005,-518.2,-4238.9,3953.7,878,933,False
150,C´camaq Apacheta Montículo 1,juli,-16.250992478,-69.470941231,-875.1,-1715.1,3858.3,866,851,False
151,Ccamaq Apacheta Montículo 2,juli,-16.250337243,-69.468834153,-650.2,-1642.2,3862.5,874,848,False
152,Pucara Sullicane,juli,-16.250839523,-69.470745827,-854.3,-1698.0,3859.0,867,850,False
153,Guitarrani,juli,-16.228242279,-69.461343159,149.6,814.7,3918.0,901,769,False
154,Pucara Juli,juli,-16.235632308,-69.471634541,-949.2,-7.1,4331.9,864,796,False
155,Huancarani,juli,-16.239476061,-69.482872502,-2148.9,-434.5,3888.0,823,809,False
156,Pucara Sullicane Chullpa 1,juli,-16.246616592,-69.471220903,-905.0,-1228.5,3895.9,865,835,True
157,Pucara Sullicane Chullpa 2,juli,-16.246814947,-69.471455318,-930.0,-1250.5,3885.1,864,836,True
158,Pucara Sullicane Chullpa 3,juli,-16.247068685,-69.471175191,-900.1,-1278.7,3877.3,865,837,True
159,Pucara Sullicane Chullpa 4,juli,-16.246666408,-69.46503559,-244.7,-1234.0,3898.3,888,835,True
160,Choquejawe Yacari,juli,-16.226762171,-69.460226258,268.8,979.2,3923.5,905,764,False
161,Yacari Jaquecucho,juli,-16.234092747,-69.447891907,1585.6,164.1,4200.6,949,790,False
162,Yacari Tisnachuro Chullpa,juli,-16.241995026,-69.447198615,1659.6,-714.6,4018.7,952,818,True
163,Yacari Condoruta,juli,-16.234446799,-69.447181566,1661.5,124.7,4276.3,952,791,False
164,Huancancareni Pattha,juli,-16.260380665,-69.456317785,686.1,-2759.0,3942.5,919,885,False
165,Casarpujo,juli,-16.250695689,-69.449417385,1422.8,-1682.1,3942.8,944,850,False
166,Yacari Tisnachuro,juli,-16.251008264,-69.451214815,1230.9,-1716.8,3936.2,937,851,False
167,Huancarane Pampa,juli,-16.253985089,-69.458371154,466.8,-2047.8,3900.4,912,862,False
168,Hanko Ankoni Callejón,pomata,-16.267545646,-69.301727541,17190.2,-3555.7,3944.5,1475,910,False
169,Tococawa,pomata,-16.261044366,-69.309082772,16405.0,-2832.8,3938.0,1449,887,False
170,Asirune Chullpa 1,pomata,-16.2717595,-69.31332045,15952.5,-4024.2,3868.7,1434,926,True
171,"Asirune Chullpas 2,3 y 4",pomata,-16.27371941,-69.314502808,15826.3,-4242.2,3860.3,1429,933,True
172,Asirune Chullpa 5,pomata,-16.272788509,-69.31436094,15841.5,-4138.7,3842.4,1430,929,True
173,Asirune Chullpa 6,pomata,-16.273465361,-69.315129463,15759.4,-4213.9,3844.3,1427,932,True
174,Asirune Chullpa 7,pomata,-16.271884671,-69.314256552,15852.6,-4038.2,3839.2,1430,926,True
175,Pichuña Chullpa 1,pomata,-16.279688667,-69.318602369,15388.6,-4905.9,3875.0,1415,954,True
176,Pichuña Chullpa 2,pomata,-16.278847421,-69.318956667,15350.8,-4812.4,3872.9,1413,951,True
177,Tococawa  Terrazas,pomata,-16.263187032,-69.308945744,16419.6,-3071.0,3882.3,1449,895,False
178,Orocollo Terrazas,pomata,-16.271975875,-69.313713874,15910.5,-4048.3,3852.8,1432,926,False
179,Tanapaca Pucara,pomata,-16.314432187,-69.37706189,9147.5,-8769.2,4643.6,1204,1079,False
